<?xml version="1.0"?>
<Window size="304,300" roundcorner="5,5" shadowsize="2" shadowposition="1,1" shadowcolor="0xFF000000" showshadow="true">
	<Default name="Menu" value="inset=&quot;2,2,2,2&quot; itemtextpadding=&quot;30,0,10,0&quot; bkimage=&quot;file='images\menu_bk.png' source='6,6,44,25' corner='26,2,2,2' &quot; " />
	<Font id="0" name="微软雅黑" size="12" default="true" />
	<Font id="1" name="微软雅黑" size="12" bold="true" />
	<Default name="ExplandIcon" shared="true" value="images/menu_expand.png" />
	<Menu name="menu_window" itemtextpadding="30,0,10,0" inset="2,2,2,2" bkimage="file='images\menu_bk.png' source='6,6,44,25' corner='26,2,2,2' " expandicon="images\menu_expand.png" checkicon="images\menu_check.png">
		<MenuElement name="menu_cmd_1" text="菜单选项1" />
		<MenuElement name="menu_cmd_2" text="菜单选项2 复选框" icon="images\menu_check.png" iconsize="9,9" checkitem="true" />
		<MenuElement name="menu_cmd_22" text="菜单选项2 复选框2" icon="images\menu_check.png" iconsize="9,9" checkitem="true" />
		<MenuElement name="menu_cmd_3" text="菜单选项3 图标菜单" icon="images\edtico.png" iconsize="16,16" />
		<MenuElement name="menu_cmd_4" text="菜单选项4 二级菜单  " expland="true">
			<MenuElement name="menu_cmd_1" text="菜单选项1" />
			<MenuElement name="menu_cmd_2" text="菜单选项2" />
			<MenuElement name="menu_cmd_3" text="菜单选项3" />
		</MenuElement>
	</Menu>
</Window>
