<?xml version="1.0" encoding="UTF-8"?>
<Window size="800,600">
	<VerticalLayout vscrollbar="true" childpadding="10" padding="10,10,10,10" bkcolor="0xFFD1E8F5">
		<HorizontalLayout height="30" childpadding="10">
			<Label text="Button" autocalcwidth="true" />
			<Button width="100" normalimage="file='images\common\button\button.png' source='0,0,15,27' corner='5,5,5,5' " hotimage="file='images\common\button\button.png' source='15,0,30,27' corner='5,5,5,5' " text="按钮文本" />
			<IconButton iconnormalimage="images\delico.png" width="100" normalimage="file='images\common\button\button.png' source='0,0,15,27' corner='5,5,5,5' " hotimage="file='images\common\button\button.png' source='15,0,30,27' corner='5,5,5,5' " text="图标按钮" />
			<Button name="btn_domodal" width="120" text="打开模态对话框" style="style_button" />
			<Button name="btn_show_dialog" width="120" text="打开非模态对话框" style="style_button" />
		</HorizontalLayout>
		<HorizontalLayout height="30" childpadding="10" childvalign="vcenter">
			<Label text="Radio" autocalcwidth="true" />
			<Option width="16" height="16" selectedimage="file='images\common\checkbox\btn_wnd_radio.png' source='60,0,75,16' " selectedhotimage="file='images\common\checkbox\btn_wnd_radio.png' source='75,0,90,16' " selectedpushedimage="file='images\common\checkbox\btn_wnd_radio.png' source='90,0,105,16' " group="group_options_1" normalimage="file='images\common\checkbox\btn_wnd_radio.png' source='0,0,15,16' " hotimage="file='images\common\checkbox\btn_wnd_radio.png' source='15,0,30,16' " pushedimage="file='images\common\checkbox\btn_wnd_radio.png' source='30,0,45,16' " disabledimage="file='images\common\checkbox\btn_wnd_radio.png' source='45,0,60,16' " />
			<Option width="16" height="16" selectedimage="file='images\common\checkbox\btn_wnd_radio.png' source='60,0,75,16' " selectedhotimage="file='images\common\checkbox\btn_wnd_radio.png' source='75,0,90,16' " selectedpushedimage="file='images\common\checkbox\btn_wnd_radio.png' source='90,0,105,16' " group="group_options_1" selected="true" normalimage="file='images\common\checkbox\btn_wnd_radio.png' source='0,0,15,16' " hotimage="file='images\common\checkbox\btn_wnd_radio.png' source='15,0,30,16' " pushedimage="file='images\common\checkbox\btn_wnd_radio.png' source='30,0,45,16' " disabledimage="file='images\common\checkbox\btn_wnd_radio.png' source='45,0,60,16' " />
			<Option width="16" height="16" selectedimage="file='images\common\checkbox\btn_wnd_radio.png' source='60,0,75,16' " selectedhotimage="file='images\common\checkbox\btn_wnd_radio.png' source='75,0,90,16' " selectedpushedimage="file='images\common\checkbox\btn_wnd_radio.png' source='90,0,105,16' " normalimage="file='images\common\checkbox\btn_wnd_radio.png' source='0,0,15,16' " hotimage="file='images\common\checkbox\btn_wnd_radio.png' source='15,0,30,16' " pushedimage="file='images\common\checkbox\btn_wnd_radio.png' source='30,0,45,16' " disabledimage="file='images\common\checkbox\btn_wnd_radio.png' source='45,0,60,16' " enabled="false" />
			<Option width="16" height="16" selectedimage="file='images\common\checkbox\btn_wnd_radio.png' source='60,0,75,16' " selectedhotimage="file='images\common\checkbox\btn_wnd_radio.png' source='75,0,90,16' " selectedpushedimage="file='images\common\checkbox\btn_wnd_radio.png' source='90,0,105,16' " selected="true" normalimage="file='images\common\checkbox\btn_wnd_radio.png' source='0,0,15,16' " hotimage="file='images\common\checkbox\btn_wnd_radio.png' source='15,0,30,16' " pushedimage="file='images\common\checkbox\btn_wnd_radio.png' source='30,0,45,16' " focusedimage="file='images\common\checkbox\btn_wnd_radio.png' source='30,0,45,16' " disabledimage="file='images\common\checkbox\btn_wnd_radio.png' source='45,0,60,16' " enabled="false" />
			<Option width="100" height="32" selectedimage="file='images\common\checkbox\btn_wnd_radio.png' dest='5,6,21,22' source='60,0,75,16' " selectedhotimage="file='images\common\checkbox\btn_wnd_radio.png' dest='5,6,21,22' source='75,0,90,16' " selectedpushedimage="file='images\common\checkbox\btn_wnd_radio.png' dest='5,6,21,22' source='90,0,105,16' " group="group_options_2" normalimage="file='images\common\checkbox\btn_wnd_radio.png' dest='5,6,21,22' source='0,0,15,16' " hotimage="file='images\common\checkbox\btn_wnd_radio.png' dest='5,6,21,22' source='15,0,30,16' " pushedimage="file='images\common\checkbox\btn_wnd_radio.png' dest='5,6,21,22' source='30,0,45,16' " disabledimage="file='images\common\checkbox\btn_wnd_radio.png' dest='5,6,21,22' source='45,0,60,16' " text="文本内容" textpadding="14,0,0,0" bordercolor="0xFFC0C0C0" bordersize="1" />
			<Option width="100" height="32" selectedimage="file='images\common\checkbox\btn_wnd_radio.png' dest='5,6,21,22' source='60,0,75,16' " selectedhotimage="file='images\common\checkbox\btn_wnd_radio.png' dest='5,6,21,22' source='75,0,90,16' " selectedpushedimage="file='images\common\checkbox\btn_wnd_radio.png' dest='5,6,21,22' source='90,0,105,16' " group="group_options_2" selected="true" normalimage="file='images\common\checkbox\btn_wnd_radio.png' dest='5,6,21,22' source='0,0,15,16' " hotimage="file='images\common\checkbox\btn_wnd_radio.png' dest='5,6,21,22' source='15,0,30,16' " pushedimage="file='images\common\checkbox\btn_wnd_radio.png' dest='5,6,21,22' source='30,0,45,16' " disabledimage="file='images\common\checkbox\btn_wnd_radio.png' dest='5,6,21,22' source='45,0,60,16' " text="文本内容" textpadding="14,0,0,0" bordercolor="0xFFC0C0C0" bordersize="1" />
		</HorizontalLayout>
		<HorizontalLayout height="30" childpadding="10" childvalign="vcenter">
			<Label text="CheckBox" autocalcwidth="true" />
			<Option width="16" height="16" selectedimage="file='images\common\checkbox\btn_wnd_checkbox.png' source='60,0,75,16' " selectedhotimage="file='images\common\checkbox\btn_wnd_checkbox.png' source='75,0,90,16' " selectedpushedimage="file='images\common\checkbox\btn_wnd_checkbox.png' source='90,0,105,16' " normalimage="file='images\common\checkbox\btn_wnd_checkbox.png' source='0,0,15,16' " hotimage="file='images\common\checkbox\btn_wnd_checkbox.png' source='15,0,30,16' " pushedimage="file='images\common\checkbox\btn_wnd_checkbox.png' source='30,0,45,16' " disabledimage="file='images\common\checkbox\btn_wnd_checkbox.png' source='45,0,60,16' " />
			<Option width="16" height="16" selectedimage="file='images\common\checkbox\btn_wnd_checkbox.png' source='60,0,75,16' " selectedhotimage="file='images\common\checkbox\btn_wnd_checkbox.png' source='75,0,90,16' " selectedpushedimage="file='images\common\checkbox\btn_wnd_checkbox.png' source='90,0,105,16' " selected="true" normalimage="file='images\common\checkbox\btn_wnd_checkbox.png' source='0,0,15,16' " hotimage="file='images\common\checkbox\btn_wnd_checkbox.png' source='15,0,30,16' " pushedimage="file='images\common\checkbox\btn_wnd_checkbox.png' source='30,0,45,16' " disabledimage="file='images\common\checkbox\btn_wnd_checkbox.png' source='45,0,60,16' " />
			<Option width="100" height="32" selectedimage="file='images\common\checkbox\btn_wnd_checkbox.png' dest='5,6,21,22' source='60,0,75,16' " selectedhotimage="file='images\common\checkbox\btn_wnd_checkbox.png' dest='5,6,21,22' source='75,0,90,16' " selectedpushedimage="file='images\common\checkbox\btn_wnd_checkbox.png' dest='5,6,21,22' source='90,0,105,16' " normalimage="file='images\common\checkbox\btn_wnd_checkbox.png' dest='5,6,21,22' source='0,0,15,16' " hotimage="file='images\common\checkbox\btn_wnd_checkbox.png' dest='5,6,21,22' source='15,0,30,16' " pushedimage="file='images\common\checkbox\btn_wnd_checkbox.png' dest='5,6,21,22' source='30,0,45,16' " disabledimage="file='images\common\checkbox\btn_wnd_checkbox.png' dest='5,6,21,22' source='45,0,60,16' " text="文本内容" textpadding="14,0,0,0" bordercolor="0xFFC0C0C0" bordersize="1" />
			<Option width="100" height="32" selectedimage="file='images\common\checkbox\btn_wnd_checkbox.png' dest='5,6,21,22' source='60,0,75,16' " selectedhotimage="file='images\common\checkbox\btn_wnd_checkbox.png' dest='5,6,21,22' source='75,0,90,16' " selectedpushedimage="file='images\common\checkbox\btn_wnd_checkbox.png' dest='5,6,21,22' source='90,0,105,16' " selected="true" normalimage="file='images\common\checkbox\btn_wnd_checkbox.png' dest='5,6,21,22' source='0,0,15,16' " hotimage="file='images\common\checkbox\btn_wnd_checkbox.png' dest='5,6,21,22' source='15,0,30,16' " pushedimage="file='images\common\checkbox\btn_wnd_checkbox.png' dest='5,6,21,22' source='30,0,45,16' " disabledimage="file='images\common\checkbox\btn_wnd_checkbox.png' dest='5,6,21,22' source='45,0,60,16' " text="文本内容" textpadding="14,0,0,0" bordercolor="0xFFC0C0C0" bordersize="1" />
		</HorizontalLayout>
		<HorizontalLayout height="30" childpadding="10" childvalign="vcenter">
			<Label text="Combo" autocalcwidth="true" />
			<ComboEx dropbuttonsize="21,21" dropbuttonnormalimage="file='images\common\combobox\dropbtn.png' source='0,0,21,21' " dropbuttonhotimage="file='images\common\combobox\dropbtn.png' source='21,0,42,21' " dropbuttonpushedimage="file='images\common\combobox\dropbtn.png' source='21,0,42,21' " width="150" textpadding="5,0,5,0" bkcolor="0xFFFFFFFF" bordercolor="0xFFA0A0A4" hotbordercolor="0xFF06A8FF" bordersize="1">
				<ListLabelElement text="Text1" />
				<ListLabelElement text="Text2" />
			</ComboEx>
			<Label text="可编辑的Combo" autocalcwidth="true" />
			<ComboEx dropbuttonsize="21,21" dropbuttonnormalimage="file='images\common\combobox\dropbtn.png' source='0,0,21,21' " dropbuttonhotimage="file='images\common\combobox\dropbtn.png' source='21,0,42,21' " dropbuttonpushedimage="file='images\common\combobox\dropbtn.png' source='21,0,42,21' " type="dropdown" width="150" textpadding="5,0,5,0" bkcolor="0xFFFFFFFF" bordercolor="0xFFA0A0A4" hotbordercolor="0xFF06A8FF" bordersize="1">
				<ListLabelElement text="Text1" />
				<ListLabelElement text="Text2" />
			</ComboEx>
		</HorizontalLayout>
		<HorizontalLayout height="30" childpadding="10" childvalign="vcenter">
			<Label text="Edit" autocalcwidth="true" />
			<Edit width="150" bordercolor="0xFFC0C0C0" bordersize="1" />
		</HorizontalLayout>
		<HorizontalLayout height="30" childpadding="10" childvalign="vcenter">
			<Label text="Date" autocalcwidth="true" />
			<DateTime width="100" align="center" bordercolor="0xFFC0C0C0" bordersize="1" />
			<Label text="Time" autocalcwidth="true" />
			<DateTime width="100" formatstyle="time" align="center" bordercolor="0xFFC0C0C0" bordersize="1" />
			<Label text="DateTime" autocalcwidth="true" />
			<DateTimeEx width="200" formatstyle="datetime" datelabelstyle="align=&quot;center&quot; " timelabelstyle="align=&quot;center&quot; " bordercolor="0xFFC0C0C0" bordersize="1" />
		</HorizontalLayout>
		<HorizontalLayout height="85" childpadding="10" childvalign="vcenter">
			<Label text="GroupBox" autocalcwidth="true" />
			<GroupBox text="GroupBox" bkcolor="0xFFD1E8F5" bordercolor="0xFFC0C0C0" bordersize="1">
				<Label text="Label1" />
				<Label text="Label2" />
			</GroupBox>
		</HorizontalLayout>
		<HorizontalLayout height="120" childpadding="10" childvalign="vcenter">
			<Label text="PictureControl" autocalcwidth="true" />
			<VerticalLayout width="100" inset="1,1,1,1" bordercolor="0xFF969696" bordersize="1">
				<PictureControl fileimage="images\loading.gif" framedelay="100" width="100" />
				<Text height="20" text="GIF" align="center" bkcolor="0xFFE1E1E1" />
			</VerticalLayout>
			<VerticalLayout width="100" inset="1,1,1,1" bordercolor="0xFF969696" bordersize="1">
				<VerticalLayout childalign="center" childvalign="vcenter">
					<PictureControl fileimage="images\ico.jpg" autosize="true" />
				</VerticalLayout>
				<Text height="20" text="JPG" align="center" bkcolor="0xFFE1E1E1" />
			</VerticalLayout>
			<VerticalLayout width="100" inset="1,1,1,1" bordercolor="0xFF969696" bordersize="1">
				<VerticalLayout childalign="center" childvalign="vcenter">
					<PictureControl fileimage="images\common\webbrowser\load_error.png" autosize="true" />
				</VerticalLayout>
				<Text height="20" text="PNG" align="center" bkcolor="0xFFE1E1E1" />
			</VerticalLayout>
			<VerticalLayout width="100" inset="1,1,1,1" bordercolor="0xFF969696" bordersize="1">
				<VerticalLayout childalign="center" childvalign="vcenter">
					<PictureControl fileimage="images\ico.ico" autosize="true" />
				</VerticalLayout>
				<Text height="20" text="ICO" align="center" bkcolor="0xFFE1E1E1" />
			</VerticalLayout>
		</HorizontalLayout>
		<HorizontalLayout height="30" childpadding="10" childvalign="vcenter">
			<Label text="Progress" autocalcwidth="true" />
			<Progress name="progress_1" height="16" value="50" bkcolor="0xFFE1E1E1" forecolor="0xFF0000FF" />
		</HorizontalLayout>
		<HorizontalLayout height="80" childpadding="10" childvalign="vcenter">
			<Label text="RichEdit" autocalcwidth="true" />
			<RichEdit height="30" inset="5,5,5,5" bkcolor="0xFFFFFFFF" bordercolor="0xFFC0C0C0" bordersize="1" text="单行文本" />
			<RichEdit inset="5,5,5,5" vscrollbar="true" autovscroll="true" hscrollbar="true" autohscroll="true" wantreturn="true" wantctrlreturn="true" multiline="true" bkcolor="0xFFFFFFFF" bordercolor="0xFFC0C0C0" bordersize="1" text="多行文本" />
		</HorizontalLayout>
		<HorizontalLayout height="30" childpadding="10" childvalign="vcenter">
			<Label text="IPAddress" autocalcwidth="true" />
			<IPAddress width="150" align="center" bordercolor="0xFFC0C0C0" bordersize="1" />
		</HorizontalLayout>
		<HorizontalLayout height="30" childpadding="10" childvalign="vcenter">
			<Label autocalcwidth="true" />
		</HorizontalLayout>
		<HorizontalLayout height="30" childpadding="10" childvalign="vcenter">
			<Label autocalcwidth="true" />
		</HorizontalLayout>
		<HorizontalLayout height="30" childpadding="10" childvalign="vcenter">
			<Label autocalcwidth="true" />
		</HorizontalLayout>
		<HorizontalLayout height="30" childpadding="10" childvalign="vcenter">
			<Label autocalcwidth="true" />
		</HorizontalLayout>
	</VerticalLayout>
</Window>
