<?xml version="1.0" encoding="UTF-8"?>
<!-- xxxxx -->
<Window size="700,500" sizebox="4,4,6,6" caption="0,0,0,25" roundcorner="5,5">
	<Font id="0" name="微软雅黑" size="18" default="true" />
	<Style name="style_comboex1" class="ComboEx" shared="true" value="dropbuttonsize=&quot;16,20&quot; dropbuttonnormalimage=&quot;images\common\combobox\下拉控件_默认.png&quot; dropbuttonhotimage=&quot;file='images\common\combobox\下拉控件_滑入.png' &quot; dropbuttonpushedimage=&quot;file='images\common\combobox\下拉控件_点击.png'  &quot; bordercolor=&quot;0xFFD9D9D9&quot; hotbordercolor=&quot;0xFF06A8FF&quot; bordersize=&quot;1&quot; " />
	<VerticalLayout inset="5,5,5,5" bkcolor="0xFFA6CAF0">
		<HorizontalLayout>
			<Label />
		</HorizontalLayout>
		<VerticalLayout>
			<Edit height="100" multiline="true" wantreturn="true" tipvalue="xxxx" />
			<RichEdit vscrollbar="true" autovscroll="true" autohscroll="true" wantreturn="true" wantctrlreturn="true" multiline="true" bkcolor="0xFFC0DCC0" />
		</VerticalLayout>
		<HorizontalLayout />
	</VerticalLayout>
</Window>
