<?xml version="1.0" encoding="UTF-8"?>
<Window size="550,500" sizebox="4,4,6,6" caption="0,0,0,25" roundcorner="5,5">
	<VerticalLayout width="569" height="461" inset="1,1,1,1" bkcolor="0xFF498DFD" bkcolor2="0xFFCFE7F4" bordercolor="0xFF768D9B" bordersize="1">
		<HorizontalLayout name="dialog_header" height="25">
			<HorizontalLayout childvalign="vcenter" padding="5,0,0,0">
				<Control name="dialog_icon" width="20" height="20" foreimage="images\ico.jpg" />
				<Label name="dialog_caption" text="弹出对话框" padding="5,0,0,0" />
			</HorizontalLayout>
			<HorizontalLayout width="97">
				<FadeButton name="windowminbtn" width="26" height="17" normalimage="file='images\sys_dlg_min.png' source='52,0,78,17'" hotimage="file='images\sys_dlg_min.png' source='26,0,52,17'" pushedimage="file='images\sys_dlg_min.png' source='0,0,26,17'" />
				<FadeButton name="windowmaxbtn" width="26" height="17" normalimage="file='images\sys_dlg_max.png' source='52,0,78,17'" hotimage="file='images\sys_dlg_max.png' source='26,0,52,18'" pushedimage="file='images\sys_dlg_max.png' source='0,0,26,17'" />
				<FadeButton name="windowrestorebtn" width="26" height="17" normalimage="file='images\sys_dlg_restore.png' source='52,0,78,17'" hotimage="file='images\sys_dlg_restore.png' source='26,0,52,17'" pushedimage="file='images\sys_dlg_restore.png' source='0,0,26,17'" visible="false" />
				<FadeButton name="windowclosebtn" width="45" height="17" normalimage="file='images\sys_dlg_close.png' source='90,0,135,17'" hotimage="file='images\sys_dlg_close.png' source='45,0,90,17'" pushedimage="file='images\sys_dlg_close.png' source='0,0,45,17'" />
			</HorizontalLayout>
		</HorizontalLayout>
		<VerticalLayout name="dialog_body" inset="20,20,20,20" padding="5,0,5,0" bkcolor="0xFFFFFFFF" borderround="5,5">
			<GroupBox text="这里使用的都是float控件，并且演示数据交换(DataExchange)" bkcolor="0xFFFFFFFF" bordercolor="0xFFC0C0C0" bordersize="1" inset="10,10,10,10">
				<VerticalLayout childalign="center" childvalign="vcenter">
					<PictureControl fileimage="images\ico.ico" autosize="true" />
					<GifAnim pos="78,254,154,323" width="76" height="69" float="true" />
				</VerticalLayout>
			</GroupBox>
		</VerticalLayout>
		<HorizontalLayout name="dialog_bottom" height="55" inset="10,0,10,0" childpadding="10" childalign="right" childvalign="vcenter">
			<Button name="btn_ok" width="100" height="30" hotbkcolor="0xFFB8CFE9" pushedbkcolor="0xFFC9DDF6" text="确定" bkcolor="0xFF6EC673" bordercolor="0xFF707070" bordersize="1" borderround="5,5" cursor="hand" />
			<Button name="btn_cancel" width="100" height="30" hotbkcolor="0xFFB8CFE9" pushedbkcolor="0xFFC9DDF6" text="取消" bkcolor="0xFF6EC673" bordercolor="0xFF707070" bordersize="1" borderround="5,5" cursor="hand" />
		</HorizontalLayout>
	</VerticalLayout>
</Window>
