<?xml version="1.0"?>
<Window size="746,646" sizebox="4,4,6,6" caption="0,0,0,25" roundcorner="5,5">
	<Include source="config.xml" />
	<VerticalLayout inset="1,1,1,1" pos="0,0,569,423" bkcolor="0xFF498DFD" bkcolor2="0xFFCFE7F4" bordercolor="0xFF768D9B" bordersize="1">
		<HorizontalLayout name="dialog_header" height="25">
			<HorizontalLayout childvalign="vcenter" padding="5,0,0,0">
				<Control name="dialog_icon" width="20" height="20" />
				<Label name="dialog_caption" padding="5,0,0,0" />
			</HorizontalLayout>
			<HorizontalLayout width="97">
				<FadeButton name="windowminbtn" width="26" height="17" normalimage="file='images\sys_dlg_min.png' source='52,0,78,17'" hotimage="file='images\sys_dlg_min.png' source='26,0,52,17'" pushedimage="file='images\sys_dlg_min.png' source='0,0,26,17'" />
				<FadeButton name="windowmaxbtn" width="26" height="17" normalimage="file='images\sys_dlg_max.png' source='52,0,78,17'" hotimage="file='images\sys_dlg_max.png' source='26,0,52,18'" pushedimage="file='images\sys_dlg_max.png' source='0,0,26,17'" />
				<FadeButton name="windowrestorebtn" width="26" height="17" normalimage="file='images\sys_dlg_restore.png' source='52,0,78,17'" hotimage="file='images\sys_dlg_restore.png' source='26,0,52,17'" pushedimage="file='images\sys_dlg_restore.png' source='0,0,26,17'" visible="false" />
				<FadeButton name="windowclosebtn" width="45" height="17" normalimage="file='images\sys_dlg_close.png' source='90,0,135,17'" hotimage="file='images\sys_dlg_close.png' source='45,0,90,17'" pushedimage="file='images\sys_dlg_close.png' source='0,0,45,17'" />
			</HorizontalLayout>
		</HorizontalLayout>
		<HorizontalLayout name="dialog_body" inset="0,0,0,10" padding="5,0,5,0" borderround="5,5">
			<GridList name="grid_main" columnwith="150" ascendingimage="file='images\common\list\listhead_arrow.png' source='0,0,18,18' " descendingimage="file='images\common\list\listhead_arrow.png' source='18,0,36,18' " sorticonsize="18,18" edit="align=&quot;center&quot; valign=&quot;center&quot; " checkbox="width=&quot;18&quot; height=&quot;16&quot; selectedimage=&quot;images\check-select.png&quot; normalimage=&quot;images\check-unselect.png&quot; " combo="dropbuttonsize=&quot;21,21&quot; dropbuttonnormalimage=&quot;file='images\common\combobox\dropbtn.png' source='21,0,42,21' &quot; dropbuttonhotimage=&quot;file='images\common\combobox\dropbtn.png' source='21,0,42,21' &quot; dropbuttonpushedimage=&quot;file='images\common\combobox\dropbtn.png' source='42,0,63,21' &quot; " bkcolor="0xFFFFFFFF">
				<GridListHeader>
					<GridListRow>
						<GridListCell />
						<GridListCell merge="0,1,0,2" text="col1" />
						<GridListCell mergedwithothers="true" text="col2" />
						<GridListCell text="col3" />
						<GridListCell text="col4" />
						<GridListCell text="col5" />
						<GridListCell text="col6" />
					</GridListRow>
					<GridListRow>
						<GridListCell />
						<GridListCell celltype="edit" text="col1" />
						<GridListCell text="col2" />
						<GridListCell merge="1,3,1,4" text="col3" />
						<GridListCell text="col4" />
						<GridListCell text="col5" />
						<GridListCell text="col6" />
					</GridListRow>
				</GridListHeader>
				<GridListBody bkcolor="0xFFFFFBF0" />
			</GridList>
			<VerticalLayout width="210" vscrollbar="true" pos="0,0,210,0">
				<ChildLayout xmlfile="GridOptions.xml" height="860" pos="0,0,0,860" />
			</VerticalLayout>
		</HorizontalLayout>
		<HorizontalLayout name="dialog_bottom" height="160" inset="5,0,5,10" childpadding="10" childalign="center" childvalign="vcenter" pos="0,0,0,160">
			<MsgWnd inset="5,5,5,5" bordercolor="0xFF000080" bordersize="1" />
		</HorizontalLayout>
	</VerticalLayout>
</Window>
