<?xml version="1.0"?>
<Res>
	<Text id="DuiLib控件展示" value="" />
	<Text id="基本控件" value="" />
	<Text id="高级控件" value="" />
	<Text id="动画控件" value="" />
	<Text id="键盘" value="" />
	<Text id="MFCGridCtrl" value="" />
	<Text id="SciEdit" value="" />
	<Text id="List" value="" />
	<Text id="姓名" value="" />
	<Text id="用户名" value="" />
	<Text id="手机号码" value="" />
	<Text id="固定电话" value="" />
	<Text id="操作" value="" />
	<Text id="text1" value="" />
	<Text id="text2" value="" />
	<Text id="text3" value="" />
	<Text id="text4" value="" />
	<Text id="TreeView" value="" />
	<Text id="TreeNode" value="" />
	<Text id="Animation TabLayout" value="" />
	<Text id="手风琴" value="" />
	<Text id="侧边栏动画" value="" />
	<Text id="图片轮播" value="" />
	<Text id="图片轮播2" value="" />
	<Text id="滚动字幕" value="" />
	<Text id="左边" value="" />
	<Text id="左边栏" value="" />
	<Text id="上边栏" value="" />
	<Text id="隐藏/显示上边栏" value="" />
	<Text id="隐藏/显示左边栏" value="" />
	<Text id="隐藏/显示右边栏" value="" />
	<Text id="隐藏/显示底边栏" value="" />
	<Text id="底边栏" value="" />
	<Text id="右边栏" value="" />
	<Text id="我是字幕，我向上滚动。" value="" />
	<Text id="我是字幕，我向下滚动。" value="" />
	<Text id="我是字幕，我向左滚动。" value="" />
	<Text id="我是字幕，我向右滚动。" value="" />
	<Text id="RichEdit   " value="" />
	<Text id="这是一个简易的键盘控件" value="" />
	<Text id="日志输出窗口:" value="" />
</Res>
