<?xml version="1.0"?>
<Window size="304,300" roundcorner="5,5" shadowsize="2" shadowposition="1,1" shadowcolor="0xFF000000" showshadow="true">
	<Default name="Menu" value="inset=&quot;0,2,2,2&quot; expandicon=&quot;images\menu_expand.png&quot; checkicon=&quot;images\menu_check.png&quot; iconbkcolor=&quot;0xFFFF0000&quot; itemtextpadding=&quot;30,0,10,0&quot; bkimage=&quot;file='images\menu_bk.png' source='6,6,44,25' corner='26,2,2,2' &quot; " />
	<Default name="MenuElement" value="hotbordercolor=&quot;0xFFA0A0A4&quot; bordersize=&quot;1&quot; " />
	<Font id="0" name="微软雅黑" size="12" default="true" />
	<Font id="1" name="微软雅黑" size="12" bold="true" />
	<!--
	<Default name="ExplandIcon" shared="true" value="images/menu_expand.png" />
-->
	<Menu name="menu_window" bkcolor="0xFFE8EDEE">
		<MenuElement name="menu_cmd_1" text="菜单选项1" />
		<MenuElement name="menu_cmd_2" text="菜单选项2 复选框" icon="images\menu_check.png" iconsize="9,9" checkitem="true" bordersize="1" />
		<MenuElement name="menu_cmd_22" text="菜单选项2 复选框2" icon="images\menu_check.png" iconsize="9,9" checkitem="true" />
		<MenuElement name="menu_cmd_3" text="菜单选项3 图标菜单" icon="images\edtico.png" iconsize="16,16" />
		<MenuElement name="menu_cmd_4" text="菜单选项4 二级菜单     " expland="true">
			<MenuElement name="menu_cmd_41" text="菜单选项1" icon="file='images\common\checkbox\check.png' source='15,0,32,16' " iconsize="16,16" checkitem="true" />
			<MenuElement name="menu_cmd_42" text="菜单选项2" iconsize="9,9" checkitem="true" />
			<MenuElement name="menu_cmd_3" text="菜单选项3" />
		</MenuElement>
		<MenuElement name="menu_cmd_5" text="菜单选项5 单选框" icon="file='images\common\checkbox\btn_wnd_radio.png' source='75,0,90,15' " uncheckicon="file='images\common\checkbox\btn_wnd_radio.png' source='15,0,30,15' " iconsize="16,16" checkitem="true" width="150" pos="0,0,150,30" />
		<MenuElement name="menu_cmd_6" text="菜单选项6 单选框" icon="file='images\common\checkbox\btn_wnd_radio.png' source='75,0,90,15' " uncheckicon="file='images\common\checkbox\btn_wnd_radio.png' source='15,0,30,15' " iconsize="16,16" checkitem="true" linepadding="20,0,7,0" width="150" pos="0,0,150,30" />
		<MenuElement linetype="true" height="5" width="150" />
	</Menu>
</Window>
