<?xml version="1.0"?>
<Window size="746,646" sizebox="4,4,6,6" caption="0,0,0,25" roundcorner="5,5">
	<Include source="config.xml" />
	<VerticalLayout inset="1,1,1,1" pos="0,0,569,423" bkcolor="0xFF498DFD" bkcolor2="0xFFCFE7F4" bordercolor="0xFF768D9B" bordersize="1">
		<TreeView visiblecheckbtn="true" itemselectedbkcolor="0x00000000" itemhotbkcolor="0x00000000" vscrollbar="true" hscrollbar="true" bkcolor="0xFFFFFFFF">
							<TreeNode text="TreeView" horizattr="style_tree_horizattr" folderattr="style_tree_folder" checkboxattr="style_tree_check_box" resourceid="47">
								<TreeNode text="TreeNode" horizattr="style_tree_horizattr" folderattr="style_tree_folder" checkboxattr="style_tree_check_box" resourceid="48">
									<TreeNode text="TreeNode" horizattr="style_tree_horizattr" folderattr="style_tree_folder" checkboxattr="style_tree_check_box" resourceid="48">
									</TreeNode>
								</TreeNode>
							</TreeNode>
							<TreeNode text="TreeView" horizattr="style_tree_horizattr" folderattr="style_tree_folder" checkboxattr="style_tree_check_box" resourceid="47">
								<TreeNode text="TreeNode" horizattr="style_tree_horizattr" folderattr="style_tree_folder" checkboxattr="style_tree_check_box" resourceid="48">
									<TreeNode text="TreeNode" horizattr="style_tree_horizattr" folderattr="style_tree_folder" checkboxattr="style_tree_check_box" resourceid="48">
										<TreeNode text="TreeView" horizattr="style_tree_horizattr" folderattr="style_tree_folder" checkboxattr="style_tree_check_box" resourceid="47">
											<TreeNode text="TreeNode" horizattr="style_tree_horizattr" folderattr="style_tree_folder" checkboxattr="style_tree_check_box" resourceid="48">
												<TreeNode text="TreeNode" horizattr="style_tree_horizattr" folderattr="style_tree_folder" checkboxattr="style_tree_check_box" resourceid="48">
												</TreeNode>
											</TreeNode>
										</TreeNode>
									</TreeNode>
								</TreeNode>
							</TreeNode>
						</TreeView>
	</VerticalLayout>
</Window>
