<?xml version="1.0"?>
<Window size="746,646" sizebox="4,4,6,6" caption="0,0,0,25" roundcorner="5,5">
	<Include source="config.xml" />
	<VerticalLayout inset="1,1,1,1" pos="0,0,569,423" bkcolor="0xFF498DFD" bkcolor2="0xFFCFE7F4" bordercolor="0xFF768D9B" bordersize="1">
		<HorizontalLayout name="dialog_header" height="25">
			<HorizontalLayout childvalign="vcenter" padding="5,0,0,0">
				<Label name="dialog_caption" text="TreeCtrl Demo" padding="5,0,0,0" />
			</HorizontalLayout>
			<HorizontalLayout width="97">
				<FadeButton name="windowminbtn" width="26" height="17" normalimage="file='images\sys_dlg_min.png' source='52,0,78,17'" hotimage="file='images\sys_dlg_min.png' source='26,0,52,17'" pushedimage="file='images\sys_dlg_min.png' source='0,0,26,17'" />
				<FadeButton name="windowmaxbtn" width="26" height="17" normalimage="file='images\sys_dlg_max.png' source='52,0,78,17'" hotimage="file='images\sys_dlg_max.png' source='26,0,52,18'" pushedimage="file='images\sys_dlg_max.png' source='0,0,26,17'" />
				<FadeButton name="windowrestorebtn" width="26" height="17" normalimage="file='images\sys_dlg_restore.png' source='52,0,78,17'" hotimage="file='images\sys_dlg_restore.png' source='26,0,52,17'" pushedimage="file='images\sys_dlg_restore.png' source='0,0,26,17'" visible="false" />
				<FadeButton name="windowclosebtn" width="45" height="17" normalimage="file='images\sys_dlg_close.png' source='90,0,135,17'" hotimage="file='images\sys_dlg_close.png' source='45,0,90,17'" pushedimage="file='images\sys_dlg_close.png' source='0,0,45,17'" />
			</HorizontalLayout>
		</HorizontalLayout>
		<VerticalLayout name="dialog_body" inset="0,0,0,10" padding="5,0,5,0" borderround="5,5">
			<TreeCtrl horizattr="height=&quot;25&quot; " folderattr="width=&quot;20&quot; height=&quot;20&quot; selectedimage=&quot;file='images\zhankai.svg' width='20' height='20' &quot; normalimage=&quot;file='images\shousuo.svg' width='20' height='20' &quot; " checkboxattr="width=&quot;18&quot; height=&quot;16&quot; selectedimage=&quot;images\check-select.png&quot; normalimage=&quot;images\check-unselect.png&quot; visible=&quot;false&quot; " iconattr="width=&quot;16&quot; height=&quot;16&quot; selectedimage=&quot;images\edtico.png&quot; normalimage=&quot;images\edtico.png&quot; " textattr="align=&quot;left&quot; " indent="38" bkcolor="0xFFF0F0F0">
				<TreeItem text="11111111111111">
					<TreeItem text="222222222222222">
						<TreeItem text="33333333333" />
					</TreeItem>
					<TreeItem text="444444444444">
						<TreeItem text="5555555555555">
							<TreeItem text="6666666666">
								<TreeItem text="77777777777" />
							</TreeItem>
						</TreeItem>
					</TreeItem>
					<TreeItem text="8888888888" />
					<TreeItem text="8888888888" />
					<TreeItem text="8888888888" />
					<TreeItem text="8888888888" />
					<TreeItem text="8888888888" />
					<TreeItem text="8888888888" />
					<TreeItem text="8888888888" />
					<TreeItem text="8888888888" />
					<TreeItem text="8888888888" />
				</TreeItem>
			</TreeCtrl>
		</VerticalLayout>
		<HorizontalLayout name="dialog_bottom" height="160" inset="5,0,5,10" childpadding="10" childalign="center" childvalign="vcenter">
			<MsgWnd inset="5,5,5,5" bordercolor="0xFF000080" bordersize="1" />
		</HorizontalLayout>
	</VerticalLayout>
</Window>
